{
  "precision": 0.9888455707169157,
  "recall": 0.9906694152110231,
  "f1": 0.9897566527559482,
  "roc_auc": 0.9992357542665953,
  "classification_report": {
    "0.0": {
      "precision": 0.9903996427774057,
      "recall": 0.9885236768802228,
      "f1-score": 0.9894607706462946,
      "support": 17950.0
    },
    "1.0": {
      "precision": 0.9888455707169157,
      "recall": 0.9906694152110231,
      "f1-score": 0.9897566527559482,
      "support": 18434.0
    },
    "accuracy": 0.9896108179419525,
    "macro avg": {
      "precision": 0.9896226067471607,
      "recall": 0.989596546045623,
      "f1-score": 0.9896087117011214,
      "support": 36384.0
    },
    "weighted avg": {
      "precision": 0.9896122701860722,
      "recall": 0.9896108179419525,
      "f1-score": 0.9896106796944847,
      "support": 36384.0
    }
  }
}